TagComments,TagID,OperationType,DependencyValue
Specific Character Set,00080005,K,
Image Type,00080008,K,
Instance Creation Date,00080012,SDL,
Instance Creation Time,00080013,K,
SOP Class UID,00080016,K,
SOP Instance UID,00080018,U3,
Study Date,00080020,SDL,
Series Date,00080021,SDL,
Acquisition Date,00080022,SDL,
Content Date,00080023,SDL,
Acquisition DateTime,0008002A,SDL,
Study Time,00080030,K,
Series Time,00080031,K,
Acquisition Time,00080032,K,
Content Time,00080033,K,
Accession Number,00080050,Z,
Modality,00080060,K,
Modalities in Study,00080061,K,
Conversion Type,00080064,K,
Presentation Intent Type,00080068,K,
Manufacturer,00080070,K,
Institution Name,00080080,D,
Referring Physician's Name,00080090,Z,
Station Name,00081010,Z,
Study Description,00081030,K,
Series Description,0008103E,K,
Manufacturer's Model Name,00081090,K,
Referenced Study Sequence,00081110,K,
Referenced Performed Procedure Step Sequence,00081111,K,
Referenced Series Sequence,00081115,K,
Referenced Waveform Sequence,0008113A,K,
Referenced Image Sequence,00081140,K,
Referenced Instance Sequence,0008114A,K,
Referenced SOP Class UID,00081150,K,
Referenced SOP Instance UID,00081155,U3,
Definition Source Sequence,00081156,K,
Referenced Frame Number,00081160,K,
Referenced SOP Sequence,00081199,K,
Studies Containing Other Referenced Instance Sequences,00081200,K,
Related Series Sequence,00081250,K,
Source Image Sequence,00082112,K,
Start Trim,00082142,K,
Stop Trim,00082143,K,
Recommended Display Frame Rate,00082144,K,
Anatomic Region Sequence,00082218,UCS,
Anatomic Region Modifier Sequence,00082220,UCS,
Primary Anatomic Structure Sequence,00082228,K,
Primary Anatomic Structure Modifier Sequence,00082230,K,
Irradiation Event UID,00083010,U3,
Radiopharmaceutical Administration Event UID,00083012,U3,
Frame Type,00089007,K,
Referenced Image Evidence Sequence,00089092,K,
Referenced Raw Data Sequence,00089121,K,
Derivation Image Sequence,00089124,K,
Source Image Evidence Sequence,00089154,K,
Pixel Presentation,00089205,K,
Volumetric Properties,00089206,K,
Volume Based Calculation Technique,00089207,K,
Complex Image Component,00089208,K,
Acquisition Contrast,00089209,K,
Derivation Code Sequence,00089215,UCS,
Referenced Presentation State Sequence,00089237,K,
Referenced Other Plane Sequence,00089410,K,
Frame Display Sequence,00089458,K,
Recommended Display Frame Rate in Float,00089459,K,
Skip Frame Range Flag,00089460,K,
PET SCAN_DATETIME,0009yy0D,SDL,GEMS_PETD_01
Patient's Name,00100010,DPN,
Patient ID,00100020,DPI,
Patient's Birth Date,00100030,Z,
Patient's Sex,00100040,CG,
Quality Control Subject,00100200,K,
Patient's Age,00101010,C2,
Patient's Size,00101020,Z,
Patient's Weight,00101030,Z,
Examined Body Thickness,00109431,K,
Exposure Time in Seconds,00160004,K,
F-Number,00160005,K,
X-Ray Quadruples,0017yyFB,K,SIEMENS_FLCOMPACT_VA01A_PROC
Contrast/Bolus Agent,00180010,K,
Contrast/Bolus Agent Sequence,00180012,UCS,
Contrast/Bolus T1 Relaxivity,00180013,K,
Contrast/Bolus Administration Route Sequence,00180014,UCS,
Body Part Examined,00180015,K,
Scanning Sequence,00180020,K,
Sequence Variant,00180021,K,
Scan Options,00180022,K,
MR Acquisition Type,00180023,K,
Sequence Name,00180024,K,
Angio Flag,00180025,K,
Intervention Drug Information Sequence,00180026,K,
Intervention Drug Dose,00180028,K,
Intervention Drug Code Sequence,00180029,UCS,
Radiopharmaceutical,00180031,K,
Intervention Drug Name,00180034,K,
Intervention Drug Start Time,00180035,K,
Intervention Status,00180038,K,
Cine Rate,00180040,K,
Initial Cine Run State,00180042,K,
Slice Thickness,00180050,K,
KVP,00180060,K,
Counts Accumulated,00180070,K,
Acquisition Termination Condition,00180071,K,
Effective Duration,00180072,K,
Acquisition Start Condition,00180073,K,
Acquisition Start Condition Data,00180074,K,
Acquisition Termination Condition Data,00180075,K,
Repetition Time,00180080,K,
Echo Time,00180081,K,
Inversion Time,00180082,K,
Number of Averages,00180083,K,
Imaging Frequency,00180084,K,
Imaged Nucleus,00180085,K,
Echo Number(s),00180086,K,
Magnetic Field Strength,00180087,K,
Spacing Between Slices,00180088,K,
Number of Phase Encoding Steps,00180089,K,
Data Collection Diameter,00180090,K,
Echo Train Length,00180091,K,
Percent Sampling,00180093,K,
Percent Phase Field of View,00180094,K,
Pixel Bandwidth,00180095,K,
Device Serial Number,00181000,Z,
Grid ID,00181006,K,
Date of Secondary Capture,00181012,SDL,
Time of Secondary Capture,00181014,K,
Protocol Name,00181030,K,
Contrast/Bolus Volume,00181041,K,
Contrast/Bolus Start Time,00181042,K,
Contrast/Bolus Stop Time,00181043,K,
Contrast/Bolus Total Dose,00181044,K,
Syringe Counts,00181045,K,
Contrast Flow Rate,00181046,K,
Contrast Flow Duration,00181047,K,
Contrast/Bolus Ingredient,00181048,K,
Contrast/Bolus Ingredient Concentration,00181049,K,
Spatial Resolution,00181050,K,
Trigger Time,00181060,K,
Trigger Source or Type,00181061,K,
Nominal Interval,00181062,K,
Frame Time,00181063,K,
Cardiac Framing Type,00181064,K,
Frame Time Vector,00181065,K,
Frame Delay,00181066,K,
Image Trigger Delay,00181067,K,
Multiplex Group Time Offset,00181068,K,
Trigger Time Offset,00181069,K,
Synchronization Trigger,0018106A,K,
Trigger Sample Position,0018106E,K,
Radiopharmaceutical Volume,00181071,K,
Radiopharmaceutical Start Time,00181072,K,
Radiopharmaceutical Stop Time,00181073,K,
Radionuclide Total Dose,00181074,K,
Radionuclide Half Life,00181075,K,
Radionuclide Positron Fraction,00181076,K,
Radiopharmaceutical Specific Activity,00181077,K,
Radiopharmaceutical Start DateTime,00181078,SDL,
Radiopharmaceutical Stop DateTime,00181079,SDL,
Beat Rejection Flag,00181080,K,
Low R-R Value,00181081,K,
High R-R Value,00181082,K,
Intervals Acquired,00181083,K,
Intervals Rejected,00181084,K,
Skip Beats,00181086,K,
Heart Rate,00181088,K,
Cardiac Number of Images,00181090,K,
Trigger Window,00181094,K,
Reconstruction Diameter,00181100,K,
Distance Source to Detector,00181110,K,
Distance Source to Patient,00181111,K,
Estimated Radiographic Magnification Factor,00181114,K,
Gantry/Detector Tilt,00181120,K,
Gantry/Detector Slew,00181121,K,
Table Height,00181130,K,
Table Traverse,00181131,K,
Table Motion,00181134,K,
Table Vertical Increment,00181135,K,
Table Lateral Increment,00181136,K,
Table Longitudinal Increment,00181137,K,
Table Angle,00181138,K,
Table Type,0018113A,K,
Rotation Direction,00181140,K,
Radial Position,00181142,K,
Scan Arc,00181143,K,
Angular Step,00181144,K,
Center of Rotation Offset,00181145,K,
Field of View Shape,00181147,K,
Field of View Dimension(s),00181149,K,
Exposure Time,00181150,K,
X-Ray Tube Current,00181151,K,
Exposure,00181152,K,
Exposure in ÂµAs,00181153,K,
Average Pulse Width,00181154,K,
Radiation Setting,00181155,K,
Rectification Type,00181156,K,
Radiation Mode,0018115A,K,
Image and Fluoroscopy Area Dose Product,0018115E,K,
Filter Type,00181160,K,
Intensifier Size,00181162,K,
Imager Pixel Spacing,00181164,K,
Grid,00181166,K,
Generator Power,00181170,K,
Collimator/grid Name,00181180,K,
Collimator Type,00181181,K,
Focal Distance,00181182,K,
X Focus Center,00181183,K,
Y Focus Center,00181184,K,
Focal Spot(s),00181190,K,
Anode Target Material,00181191,K,
Body Part Thickness,001811A0,K,
Compression Force,001811A2,K,
Compression Pressure,001811A3,K,
Compression Contact Area,001811A5,K,
Convolution Kernel,00181210,K,
Actual Frame Duration,00181242,K,
Count Rate,00181243,K,
Preferred Playback Sequencing,00181244,K,
Receive Coil Name,00181250,K,
Transmit Coil Name,00181251,K,
Water Equivalent Diameter,00181271,K,
Water Equivalent Diameter Calculation Method Code Sequence,00181272,K,
Scan Velocity,00181300,K,
Whole Body Technique,00181301,K,
Scan Length,00181302,K,
Acquisition Matrix,00181310,K,
In-plane Phase Encoding Direction,00181312,K,
Flip Angle,00181314,K,
Variable Flip Angle Flag,00181315,K,
SAR,00181316,K,
dB/dt,00181318,K,
B1rms,00181320,K,
Acquisition Device Processing Description,00181400,D,
Cassette Orientation,00181402,K,
Cassette Size,00181403,K,
Exposures on Plate,00181404,K,
Relative X-Ray Exposure,00181405,K,
Exposure Index,00181411,K,
Target Exposure Index,00181412,K,
Deviation Index,00181413,K,
Column Angulation,00181450,K,
Tomo Layer Height,00181460,K,
Tomo Angle,00181470,K,
Tomo Time,00181480,K,
Tomo Type,00181490,K,
Tomo Class,00181491,K,
Number of Tomosynthesis Source Images,00181495,K,
Positioner Motion,00181500,K,
Positioner Type,00181508,K,
Positioner Primary Angle,00181510,K,
Positioner Secondary Angle,00181511,K,
Positioner Primary Angle Increment,00181520,K,
Positioner Secondary Angle Increment,00181521,K,
Detector Primary Angle,00181530,K,
Detector Secondary Angle,00181531,K,
Shutter Shape,00181600,K,
Shutter Left Vertical Edge,00181602,K,
Shutter Right Vertical Edge,00181604,K,
Shutter Upper Horizontal Edge,00181606,K,
Shutter Lower Horizontal Edge,00181608,K,
Center of Circular Shutter,00181610,K,
Radius of Circular Shutter,00181612,K,
Vertices of the Polygonal Shutter,00181620,K,
Shutter Presentation Value,00181622,K,
Shutter Overlay Group,00181623,K,
Shutter Presentation Color CIELab Value,00181624,K,
Outline Shape Type,00181630,K,
Outline Left Vertical Edge,00181631,K,
Outline Right Vertical Edge,00181632,K,
Outline Upper Horizontal Edge,00181633,K,
Outline Lower Horizontal Edge,00181634,K,
Center of Circular Outline,00181635,K,
Diameter of Circular Outline,00181636,K,
Number of Polygonal Vertices,00181637,K,
Vertices of the Polygonal Outline,00181638,K,
Collimator Shape,00181700,K,
Collimator Left Vertical Edge,00181702,K,
Collimator Right Vertical Edge,00181704,K,
Collimator Upper Horizontal Edge,00181706,K,
Collimator Lower Horizontal Edge,00181708,K,
Center of Circular Collimator,00181710,K,
Radius of Circular Collimator,00181712,K,
Vertices of the Polygonal Collimator,00181720,K,
Acquisition Time Synchronized,00181800,K,
Time Distribution Protocol,00181802,K,
Page Number Vector,00182001,K,
Frame Label Vector,00182002,K,
Frame Primary Angle Vector,00182003,K,
Frame Secondary Angle Vector,00182004,K,
Slice Location Vector,00182005,K,
Nominal Scanned Pixel Spacing,00182010,K,
Digitizing Device Transport Direction,00182020,K,
Rotation of Scanned Film,00182030,K,
Biopsy Target Sequence,00182041,K,
Target UID,00182042,U3,
Localizing Cursor Position,00182043,K,
Calculated Target Position,00182044,K,
Displayed Z Value,00182046,K,
IVUS Acquisition,00183100,K,
IVUS Pullback Rate,00183101,K,
IVUS Gated Rate,00183102,K,
IVUS Pullback Start Frame Number,00183103,K,
IVUS Pullback Stop Frame Number,00183104,K,
Lesion Number,00183105,K,
Output Power,00185000,K,
Focus Depth,00185012,K,
Mechanical Index,00185022,K,
Bone Thermal Index,00185024,K,
Cranial Thermal Index,00185026,K,
Soft Tissue Thermal Index,00185027,K,
Soft Tissue-focus Thermal Index,00185028,K,
Soft Tissue-surface Thermal Index,00185029,K,
Depth of Scan Field,00185050,K,
Patient Position,00185100,K,
View Position,00185101,K,
Sensitivity,00186000,K,
Sequence of Ultrasound Regions,00186011,K,
Region Spatial Format,00186012,K,
Region Data Type,00186014,K,
Region Flags,00186016,K,
Region Location Min X0,00186018,K,
Region Location Min Y0,0018601A,K,
Region Location Max X1,0018601C,K,
Region Location Max Y1,0018601E,K,
Reference Pixel X0,00186020,K,
Reference Pixel Y0,00186022,K,
Physical Units X Direction,00186024,K,
Physical Units Y Direction,00186026,K,
Reference Pixel Physical Value X,00186028,K,
Reference Pixel Physical Value Y,0018602A,K,
Physical Delta X,0018602C,K,
Physical Delta Y,0018602E,K,
Transducer Frequency,00186030,K,
Transducer Type,00186031,K,
Pulse Repetition Frequency,00186032,K,
Doppler Correction Angle,00186034,K,
Steering Angle,00186036,K,
Doppler Sample Volume X Position,00186039,K,
Doppler Sample Volume Y Position,0018603B,K,
TM-Line Position X0,0018603D,K,
TM-Line Position Y0,0018603F,K,
TM-Line Position X1,00186041,K,
TM-Line Position Y1,00186043,K,
Pixel Component Organization,00186044,K,
Pixel Component Mask,00186046,K,
Pixel Component Range Start,00186048,K,
Pixel Component Range Stop,0018604A,K,
Pixel Component Physical Units,0018604C,K,
Pixel Component Data Type,0018604E,K,
Number of Table Break Points,00186050,K,
Table of X Break Points,00186052,K,
Table of Y Break Points,00186054,K,
Number of Table Entries,00186056,K,
Table of Pixel Values,00186058,K,
Table of Parameter Values,0018605A,K,
R Wave Time Vector,00186060,K,
Detector Conditions Nominal Flag,00187000,K,
Detector Temperature,00187001,K,
Detector Type,00187004,K,
Detector Configuration,00187005,K,
Detector ID,0018700A,D,
Date of Last Detector Calibration,0018700C,Z,
Time of Last Detector Calibration,0018700E,Z,
Exposures on Detector Since Last Calibration,00187010,K,
Exposures on Detector Since Manufactured,00187011,K,
Detector Time Since Last Exposure,00187012,K,
Detector Active Time,00187014,K,
Detector Activation Offset From Exposure,00187016,K,
Detector Binning,0018701A,K,
Detector Element Physical Size,00187020,K,
Detector Element Spacing,00187022,K,
Detector Active Shape,00187024,K,
Detector Active Dimension(s),00187026,K,
Detector Active Origin,00187028,K,
Detector Manufacturer Name,0018702A,K,
Field of View Origin,00187030,K,
Field of View Rotation,00187032,K,
Field of View Horizontal Flip,00187034,K,
Pixel Data Area Origin Relative To FOV,00187036,K,
Pixel Data Area Rotation Angle Relative To FOV,00187038,K,
Grid Absorbing Material,00187040,K,
Grid Spacing Material,00187041,K,
Grid Thickness,00187042,K,
Grid Pitch,00187044,K,
Grid Aspect Ratio,00187046,K,
Grid Period,00187048,K,
Grid Focal Distance,0018704C,K,
Filter Material,00187050,K,
Filter Thickness Minimum,00187052,K,
Filter Thickness Maximum,00187054,K,
Filter Beam Path Length Minimum,00187056,K,
Filter Beam Path Length Maximum,00187058,K,
Exposure Control Mode,00187060,K,
Exposure Status,00187064,K,
Phototimer Setting,00187065,K,
Exposure Time in ÂµS,00188150,K,
X-Ray Tube Current in ÂµA,00188151,K,
Content Qualification,00189004,K,
Pulse Sequence Name,00189005,K,
MR Imaging Modifier Sequence,00189006,K,
Echo Pulse Sequence,00189008,K,
Inversion Recovery,00189009,K,
Flow Compensation,00189010,K,
Multiple Spin Echo,00189011,K,
Multi-planar Excitation,00189012,K,
Phase Contrast,00189014,K,
Time of Flight Contrast,00189015,K,
Spoiling,00189016,K,
Steady State Pulse Sequence,00189017,K,
Echo Planar Pulse Sequence,00189018,K,
Tag Angle First Axis,00189019,K,
Magnetization Transfer,00189020,K,
T2 Preparation,00189021,K,
Blood Signal Nulling,00189022,K,
Saturation Recovery,00189024,K,
Spectrally Selected Suppression,00189025,K,
Spectrally Selected Excitation,00189026,K,
Spatial Pre-saturation,00189027,K,
Tagging,00189028,K,
Oversampling Phase,00189029,K,
Tag Spacing First Dimension,00189030,K,
Geometry of k-Space Traversal,00189032,K,
Segmented k-Space Traversal,00189033,K,
Rectilinear Phase Encode Reordering,00189034,K,
Tag Thickness,00189035,K,
Partial Fourier Direction,00189036,K,
Cardiac Synchronization Technique,00189037,K,
Receive Coil Manufacturer Name,00189041,K,
MR Receive Coil Sequence,00189042,K,
Receive Coil Type,00189043,K,
Quadrature Receive Coil,00189044,K,
Multi-Coil Definition Sequence,00189045,K,
Multi-Coil Configuration,00189046,K,
Multi-Coil Element Name,00189047,K,
Multi-Coil Element Used,00189048,K,
MR Transmit Coil Sequence,00189049,K,
Transmit Coil Manufacturer Name,00189050,K,
Transmit Coil Type,00189051,K,
Spectral Width,00189052,K,
Chemical Shift Reference,00189053,K,
Volume Localization Technique,00189054,K,
MR Acquisition Frequency Encoding Steps,00189058,K,
De-coupling,00189059,K,
De-coupled Nucleus,00189060,K,
De-coupling Frequency,00189061,K,
De-coupling Method,00189062,K,
De-coupling Chemical Shift Reference,00189063,K,
k-space Filtering,00189064,K,
Time Domain Filtering,00189065,K,
Number of Zero Fills,00189066,K,
Baseline Correction,00189067,K,
Parallel Reduction Factor In-plane,00189069,K,
Cardiac R-R Interval Specified,00189070,K,
Acquisition Duration,00189073,K,
Frame Acquisition DateTime,00189074,SDL,
Diffusion Directionality,00189075,K,
Diffusion Gradient Direction Sequence,00189076,K,
Parallel Acquisition,00189077,K,
Parallel Acquisition Technique,00189078,K,
Inversion Times,00189079,K,
Metabolite Map Description,00189080,K,
Partial Fourier,00189081,K,
Effective Echo Time,00189082,K,
Chemical Shift Sequence,00189084,K,
Cardiac Signal Source,00189085,K,
Diffusion b-value,00189087,K,
Diffusion Gradient Orientation,00189089,K,
Velocity Encoding Direction,00189090,K,
Velocity Encoding Minimum Value,00189091,K,
Velocity Encoding Acquisition Sequence,00189092,K,
Number of k-Space Trajectories,00189093,K,
Coverage of k-Space,00189094,K,
Spectroscopy Acquisition Phase Rows,00189095,K,
Transmitter Frequency,00189098,K,
Resonant Nucleus,00189100,K,
Frequency Correction,00189101,K,
MR Spectroscopy FOV/Geometry Sequence,00189103,K,
Slab Thickness,00189104,K,
Slab Orientation,00189105,K,
Mid Slab Position,00189106,K,
MR Spatial Saturation Sequence,00189107,K,
MR Timing and Related Parameters Sequence,00189112,K,
MR Echo Sequence,00189114,K,
MR Modifier Sequence,00189115,K,
MR Diffusion Sequence,00189117,K,
Cardiac Synchronization Sequence,00189118,K,
MR Averages Sequence,00189119,K,
MR FOV/Geometry Sequence,00189125,K,
Volume Localization Sequence,00189126,K,
Spectroscopy Acquisition Data Columns,00189127,K,
Diffusion Anisotropy Type,00189147,K,
Frame Reference DateTime,00189151,SDL,
MR Metabolite Map Sequence,00189152,K,
Parallel Reduction Factor out-of-plane,00189155,K,
Spectroscopy Acquisition Out-of-plane Phase Steps,00189159,K,
Parallel Reduction Factor Second In-plane,00189168,K,
Cardiac Beat Rejection Technique,00189169,K,
Respiratory Motion Compensation Technique,00189170,K,
Respiratory Signal Source,00189171,K,
Bulk Motion Compensation Technique,00189172,K,
Bulk Motion Signal Source,00189173,K,
Applicable Safety Standard Agency,00189174,K,
Operating Mode Sequence,00189176,K,
Operating Mode Type,00189177,K,
Operating Mode,00189178,K,
Specific Absorption Rate Definition,00189179,K,
Gradient Output Type,00189180,K,
Specific Absorption Rate Value,00189181,K,
Gradient Output,00189182,K,
Flow Compensation Direction,00189183,K,
Tagging Delay,00189184,K,
Chemical Shift Minimum Integration Limit in Hz,00189195,K,
Chemical Shift Maximum Integration Limit in Hz,00189196,K,
MR Velocity Encoding Sequence,00189197,K,
First Order Phase Correction,00189198,K,
Water Referenced Phase Correction,00189199,K,
MR Spectroscopy Acquisition Type,00189200,K,
Respiratory Cycle Position,00189214,K,
Velocity Encoding Maximum Value,00189217,K,
Tag Spacing Second Dimension,00189218,K,
Tag Angle Second Axis,00189219,K,
Frame Acquisition Duration,00189220,K,
MR Image Frame Type Sequence,00189226,K,
MR Spectroscopy Frame Type Sequence,00189227,K,
MR Acquisition Phase Encoding Steps in-plane,00189231,K,
MR Acquisition Phase Encoding Steps out-of-plane,00189232,K,
Spectroscopy Acquisition Phase Columns,00189234,K,
Cardiac Cycle Position,00189236,K,
Specific Absorption Rate Sequence,00189239,K,
RF Echo Train Length,00189240,K,
Gradient Echo Train Length,00189241,K,
Arterial Spin Labeling Contrast,00189250,K,
MR Arterial Spin Labeling Sequence,00189251,K,
ASL Slab Number,00189253,K,
ASL Slab Thickness,00189254,K,
ASL Slab Orientation,00189255,K,
ASL Mid Slab Position,00189256,K,
ASL Context,00189257,K,
ASL Pulse Train Duration,00189258,K,
ASL Crusher Flag,00189259,K,
ASL Crusher Flow Limit,0018925A,K,
ASL Crusher Description,0018925B,D,
ASL Bolus Cut-off Flag,0018925C,K,
ASL Bolus Cut-off Timing Sequence,0018925D,K,
ASL Bolus Cut-off Technique,0018925E,K,
ASL Bolus Cut-off Delay Time,0018925F,K,
ASL Slab Sequence,00189260,K,
Chemical Shift Minimum Integration Limit in ppm,00189295,K,
Chemical Shift Maximum Integration Limit in ppm,00189296,K,
Water Reference Acquisition,00189297,K,
Echo Peak Position,00189298,K,
CT Acquisition Type Sequence,00189301,K,
Acquisition Type,00189302,K,
Tube Angle,00189303,K,
CT Acquisition Details Sequence,00189304,K,
Revolution Time,00189305,K,
Single Collimation Width,00189306,K,
Total Collimation Width,00189307,K,
CT Table Dynamics Sequence,00189308,K,
Table Speed,00189309,K,
Table Feed per Rotation,00189310,K,
Spiral Pitch Factor,00189311,K,
CT Geometry Sequence,00189312,K,
Data Collection Center (Patient),00189313,K,
CT Reconstruction Sequence,00189314,K,
Reconstruction Algorithm,00189315,K,
Convolution Kernel Group,00189316,K,
Reconstruction Field of View,00189317,K,
Reconstruction Target Center (Patient),00189318,K,
Reconstruction Angle,00189319,K,
Image Filter,00189320,K,
CT Exposure Sequence,00189321,K,
Reconstruction Pixel Spacing,00189322,K,
Exposure Modulation Type,00189323,K,
Estimated Dose Saving,00189324,K,
CT X-Ray Details Sequence,00189325,K,
CT Position Sequence,00189326,K,
Table Position,00189327,K,
Exposure Time in ms,00189328,K,
CT Image Frame Type Sequence,00189329,K,
X-Ray Tube Current in mA,00189330,K,
Exposure in mAs,00189332,K,
Constant Volume Flag,00189333,K,
Fluoroscopy Flag,00189334,K,
Distance Source to Data Collection Center,00189335,K,
Contrast/Bolus Agent Number,00189337,K,
Contrast/Bolus Ingredient Code Sequence,00189338,UCS,
Contrast Administration Profile Sequence,00189340,K,
Contrast/Bolus Usage Sequence,00189341,K,
Contrast/Bolus Agent Administered,00189342,K,
Contrast/Bolus Agent Detected,00189343,K,
Contrast/Bolus Agent Phase,00189344,K,
CTDIvol,00189345,K,
CTDI Phantom Type Code Sequence,00189346,K,
Calcium Scoring Mass Factor Patient,00189351,K,
Calcium Scoring Mass Factor Device,00189352,K,
Energy Weighting Factor,00189353,K,
CT Additional X-Ray Source Sequence,00189360,K,
Multi-energy CT Acquisition,00189361,K,
Multi-energy CT Acquisition Sequence,00189362,K,
Multi-energy CT Processing Sequence,00189363,K,
Multi-energy CT Characteristics Sequence,00189364,K,
Multi-energy CT X-Ray Source Sequence,00189365,K,
X-Ray Source Index,00189366,K,
X-Ray Source ID,00189367,D,
Multi-energy Source Technique,00189368,K,
Source Start DateTime,00189369,SDL,
Source End DateTime,0018936A,SDL,
Switching Phase Number,0018936B,K,
Switching Phase Nominal Duration,0018936C,K,
Switching Phase Transition Duration,0018936D,K,
Effective Bin Energy,0018936E,K,
Multi-energy CT X-Ray Detector Sequence,0018936F,K,
X-Ray Detector Index,00189370,K,
X-Ray Detector ID,00189371,D,
Multi-energy Detector Type,00189372,K,
X-Ray Detector Label,00189373,K,
Nominal Max Energy,00189374,K,
Nominal Min Energy,00189375,K,
Referenced X-Ray Detector Index,00189376,K,
Referenced X-Ray Source Index,00189377,K,
Referenced Path Index,00189378,K,
Multi-energy CT Path Sequence,00189379,K,
Multi-energy CT Path Index,0018937A,K,
Monoenergetic Energy Equivalent,0018937C,K,
Decomposition Method,0018937E,K,
Decomposition Algorithm Identification Sequence,00189380,K,
Decomposition Material Sequence,00189381,K,
Material Attenuation Sequence,00189382,K,
Photon Energy,00189383,K,
X-Ray Mass Attenuation Coefficient,00189384,K,
Projection Pixel Calibration Sequence,00189401,K,
Distance Source to Isocenter,00189402,K,
Distance Object to Table Top,00189403,K,
Object Pixel Spacing in Center of Beam,00189404,K,
Positioner Position Sequence,00189405,K,
Table Position Sequence,00189406,K,
Collimator Shape Sequence,00189407,K,
Planes in Acquisition,00189410,K,
XA/XRF Frame Characteristics Sequence,00189412,K,
Frame Acquisition Sequence,00189417,K,
X-Ray Receptor Type,00189420,K,
Contrast/Bolus Ingredient Opaque,00189425,K,
Distance Receptor Plane to Detector Housing,00189426,K,
Intensifier Active Shape,00189427,K,
Intensifier Active Dimension(s),00189428,K,
Physical Detector Size,00189429,K,
Position of Isocenter Projection,00189430,K,
Field of View Sequence,00189432,K,
Exposure Control Sensing Regions Sequence,00189434,K,
Exposure Control Sensing Region Shape,00189435,K,
Exposure Control Sensing Region Left Vertical Edge,00189436,K,
Exposure Control Sensing Region Right Vertical Edge,00189437,K,
Exposure Control Sensing Region Upper Horizontal Edge,00189438,K,
Exposure Control Sensing Region Lower Horizontal Edge,00189439,K,
Center of Circular Exposure Control Sensing Region,00189440,K,
Radius of Circular Exposure Control Sensing Region,00189441,K,
Vertices of the Polygonal Exposure Control Sensing Region,00189442,K,
Column Angulation (Patient),00189447,K,
Beam Angle,00189449,K,
Frame Detector Parameters Sequence,00189451,K,
Calculated Anatomy Thickness,00189452,K,
Calibration Sequence,00189455,K,
Object Thickness Sequence,00189456,K,
Plane Identification,00189457,K,
Field of View Dimension(s) in Float,00189461,K,
Isocenter Reference System Sequence,00189462,K,
Positioner Isocenter Primary Angle,00189463,K,
Positioner Isocenter Secondary Angle,00189464,K,
Positioner Isocenter Detector Rotation Angle,00189465,K,
Table X Position to Isocenter,00189466,K,
Table Y Position to Isocenter,00189467,K,
Table Z Position to Isocenter,00189468,K,
Table Horizontal Rotation Angle,00189469,K,
Table Head Tilt Angle,00189470,K,
Table Cradle Tilt Angle,00189471,K,
Frame Display Shutter Sequence,00189472,K,
Acquired Image Area Dose Product,00189473,K,
C-arm Positioner Tabletop Relationship,00189474,K,
X-Ray Geometry Sequence,00189476,K,
Irradiation Event Identification Sequence,00189477,K,
X-Ray 3D Frame Type Sequence,00189504,K,
Contributing Sources Sequence,00189506,K,
X-Ray 3D Acquisition Sequence,00189507,K,
Primary Positioner Scan Arc,00189508,K,
Secondary Positioner Scan Arc,00189509,K,
Primary Positioner Scan Start Angle,00189510,K,
Secondary Positioner Scan Start Angle,00189511,K,
Primary Positioner Increment,00189514,K,
Secondary Positioner Increment,00189515,K,
Start Acquisition DateTime,00189516,SDL,
End Acquisition DateTime,00189517,SDL,
Primary Positioner Increment Sign,00189518,K,
Secondary Positioner Increment Sign,00189519,K,
Algorithm Type,00189527,K,
X-Ray 3D Reconstruction Sequence,00189530,K,
Per Projection Acquisition Sequence,00189538,K,
Detector Position Sequence,00189541,K,
X-Ray Acquisition Dose Sequence,00189542,K,
X-Ray Source Isocenter Primary Angle,00189543,K,
X-Ray Source Isocenter Secondary Angle,00189544,K,
Breast Support Isocenter Primary Angle,00189545,K,
Breast Support Isocenter Secondary Angle,00189546,K,
Breast Support X Position to Isocenter,00189547,K,
Breast Support Y Position to Isocenter,00189548,K,
Breast Support Z Position to Isocenter,00189549,K,
Detector Isocenter Primary Angle,00189550,K,
Detector Isocenter Secondary Angle,00189551,K,
Detector X Position to Isocenter,00189552,K,
Detector Y Position to Isocenter,00189553,K,
Detector Z Position to Isocenter,00189554,K,
X-Ray Grid Sequence,00189555,K,
X-Ray Filter Sequence,00189556,K,
Detector Active Area TLHC Position,00189557,K,
Detector Active Area Orientation,00189558,K,
Positioner Primary Angle Direction,00189559,K,
Diffusion b-matrix Sequence,00189601,K,
Diffusion b-value XX,00189602,K,
Diffusion b-value XY,00189603,K,
Diffusion b-value XZ,00189604,K,
Diffusion b-value YY,00189605,K,
Diffusion b-value YZ,00189606,K,
Diffusion b-value ZZ,00189607,K,
Functional MR Sequence,00189621,K,
Functional Settling Phase Frames Present,00189622,K,
Functional Sync Pulse,00189623,SDL,
Settling Phase Frame,00189624,K,
Decay Correction DateTime,00189701,SDL,
Start Density Threshold,00189715,K,
Start Relative Density Difference Threshold,00189716,K,
Start Cardiac Trigger Count Threshold,00189717,K,
Start Respiratory Trigger Count Threshold,00189718,K,
Termination Counts Threshold,00189719,K,
Termination Density Threshold,00189720,K,
Termination Relative Density Threshold,00189721,K,
Termination Time Threshold,00189722,K,
Termination Cardiac Trigger Count Threshold,00189723,K,
Termination Respiratory Trigger Count Threshold,00189724,K,
Detector Geometry,00189725,K,
Transverse Detector Separation,00189726,K,
Axial Detector Dimension,00189727,K,
Radiopharmaceutical Agent Number,00189729,K,
PET Frame Acquisition Sequence,00189732,K,
PET Detector Motion Details Sequence,00189733,K,
PET Table Dynamics Sequence,00189734,K,
PET Position Sequence,00189735,K,
PET Frame Correction Factors Sequence,00189736,K,
Radiopharmaceutical Usage Sequence,00189737,K,
Attenuation Correction Source,00189738,K,
Number of Iterations,00189739,K,
Number of Subsets,00189740,K,
PET Reconstruction Sequence,00189749,K,
PET Frame Type Sequence,00189751,K,
Time of Flight Information Used,00189755,K,
Reconstruction Type,00189756,K,
Decay Corrected,00189758,K,
Attenuation Corrected,00189759,K,
Scatter Corrected,00189760,K,
Dead Time Corrected,00189761,K,
Gantry Motion Corrected,00189762,K,
Patient Motion Corrected,00189763,K,
Count Loss Normalization Corrected,00189764,K,
Randoms Corrected,00189765,K,
Non-uniform Radial Sampling Corrected,00189766,K,
Sensitivity Calibrated,00189767,K,
Detector Normalization Correction,00189768,K,
Iterative Reconstruction Method,00189769,K,
Attenuation Correction Temporal Relationship,00189770,K,
Patient Physiological State Sequence,00189771,K,
Patient Physiological State Code Sequence,00189772,K,
Depth(s) of Focus,00189801,K,
Excluded Intervals Sequence,00189803,K,
Exclusion Start DateTime,00189804,SDL,
Exclusion Duration,00189805,K,
US Image Description Sequence,00189806,K,
Image Data Type Sequence,00189807,K,
Data Type,00189808,K,
Aliased Data Type,0018980B,K,
Position Measuring Device Used,0018980C,K,
Zero Velocity Pixel Value,00189810,K,
Offset Distance,00189904,K,
Offset Direction,00189905,K,
Model Specification Sequence,00189912,K,
Instruction Sequence,00189914,K,
Instruction Index,00189915,K,
Instruction Performed Flag,00189918,K,
Patient Positioning Instruction Sequence,0018991B,K,
Positioning Landmark Sequence,0018991D,K,
Target Frame of Reference UID,0018991E,U3,
Acquisition Protocol Element Sequence,00189920,K,
Protocol Element Number,00189921,K,
Protocol Element Name,00189922,Z,
Acquisition Motion,00189930,K,
Acquisition Start Location Sequence,00189931,K,
Acquisition End Location Sequence,00189932,K,
Reconstruction Protocol Element Specification Sequence,00189933,K,
Reconstruction Protocol Element Sequence,00189934,K,
Storage Protocol Element Specification Sequence,00189935,K,
Storage Protocol Element Sequence,00189936,K,
Source Acquisition Protocol Element Number,00189938,K,
Source Acquisition Beam Number,00189939,K,
Source Reconstruction Protocol Element Number,0018993A,K,
Reconstruction Start Location Sequence,0018993B,K,
Reconstruction End Location Sequence,0018993C,K,
Reconstruction Algorithm Sequence,0018993D,K,
Reconstruction Target Center Location Sequence,0018993E,K,
CTDIvol Notification Trigger,00189942,K,
DLP Notification Trigger,00189943,K,
Auto KVP Selection Type,00189944,K,
Auto KVP Upper Bound,00189945,K,
Auto KVP Lower Bound,00189946,K,
Protocol Defined Patient Position,00189947,K,
Contributing Equipment Sequence,0018A001,K,
Review Mode,0019yy00,K,SIEMENS SMS-AX  VIEW 1.0
Anatomical Background Percent,0019yy01,K,SIEMENS SMS-AX  VIEW 1.0
Table height used during Osteo calibration,0019yy01,K,SIEMENS CT VA0 COAD
Number of Phases,0019yy02,K,SIEMENS SMS-AX  VIEW 1.0
Apply Anatomical Background,0019yy03,K,SIEMENS SMS-AX  VIEW 1.0
Multiphase UID,0019yy05,U3,SIEMENS CT EXAM APP SHARED
Brightness,0019yy05,K,SIEMENS SMS-AX  VIEW 1.0
Contrast,0019yy06,K,SIEMENS SMS-AX  VIEW 1.0
Enabled Shutters,0019yy07,K,SIEMENS SMS-AX  VIEW 1.0
Native Edge Enh. Percent Gain,0019yy08,K,SIEMENS SMS-AX  VIEW 1.0
Native Edge Enh. LUT Index,0019yy09,K,SIEMENS SMS-AX  VIEW 1.0
Number Of Images In Mosaic,0019yy0A,K,SIEMENS MR HEADER
Slice Measurement Duration,0019yy0B,K,SIEMENS MR HEADER
Diffusion b- value,0019yy0C,K,SIEMENS MR HEADER
Diffusion Directionality,0019yy0D,K,SIEMENS MR HEADER
Diffusion Gradient Direction,0019yy0E,K,SIEMENS MR HEADER
Gradient Mode,0019yy0F,K,SIEMENS MR HEADER
Native Edge Enh. Kernel Size,0019yy0a,K,SIEMENS SMS-AX  VIEW 1.0
Subtr. Edge Enh. Percent Gain,0019yy0b,K,SIEMENS SMS-AX  VIEW 1.0
Subtr. Edge Enh. LUT Index,0019yy0c,K,SIEMENS SMS-AX  VIEW 1.0
Subtr. Edge Enh. Kernel Size,0019yy0d,K,SIEMENS SMS-AX  VIEW 1.0
Fade Percent,0019yy0e,K,SIEMENS SMS-AX  VIEW 1.0
Flipped Before Laterality Applied,0019yy0f,K,SIEMENS SMS-AX  VIEW 1.0
Apply Fade,0019yy10,K,SIEMENS SMS-AX  VIEW 1.0
Zoom,0019yy12,K,SIEMENS SMS-AX  VIEW 1.0
Pan X,0019yy13,K,SIEMENS SMS-AX  VIEW 1.0
Pan Y,0019yy14,K,SIEMENS SMS-AX  VIEW 1.0
Native Edge Enh. Adv Percent Gain,0019yy15,K,SIEMENS SMS-AX  VIEW 1.0
Subtr. Edge Enh. Adv Percent Gain,0019yy16,K,SIEMENS SMS-AX  VIEW 1.0
Invert Flag,0019yy17,K,SIEMENS SMS-AX  VIEW 1.0
Auto Window Center,0019yy1C,K,SIEMENS SMS-AX  VIEW 1.0
Auto Window Width,0019yy1D,K,SIEMENS SMS-AX  VIEW 1.0
Display field of view,0019yy1E,K,GEMS_ACQU_01
Auto Window Correct Value,0019yy1e,K,SIEMENS SMS-AX  VIEW 1.0
VFR Info,0019yy25,K,SIEMENS SMS-AX  VIEW 1.0
Diffusion b-matrix,0019yy27,K,SIEMENS MR HEADER
Bandwidth Per Pixel Phase Encode,0019yy28,K,SIEMENS MR HEADER
Mosaic Ref Acq Times,0019yy29,K,SIEMENS MR HEADER
Roadmap Vessel Presentation,0019yy33,K,SIEMENS SMS-AX  VIEW 1.0
Interpolation Parameter,0019yy35,K,SIEMENS SMS-AX  VIEW 1.0
Acquisition Duration,0019yy5A,K,GEMS_ACQU_01
Visibility Overlay,0019yy61,K,SIEMENS SMS-AX  VIEW 1.0
Second echo,0019yy7D,K,GEMS_ACQU_01
Number of echoes,0019yy7E,K,GEMS_ACQU_01
Osteo Offset,0019yy90,K,SIEMENS CT VA0 COAD
Osteo Regression Line Slope,0019yy92,K,SIEMENS CT VA0 COAD
PHASE START TIME,0019yy93,K,SIEMENS MED NM
Osteo Regression Line Intercept,0019yy93,K,SIEMENS CT VA0 COAD
Osteo Phantom Number,0019yy96,K,SIEMENS CT VA0 COAD
Pulse Sequence Name,0019yy9C,K,GEMS_ACQU_01
Internal Pulse Sequence Name,0019yy9E,K,GEMS_ACQU_01
NUMBER OF PHASES,0019yyA1,K,SIEMENS MED NM
Number of repeats / phase,0019yyA5,K,SIEMENS MED NM
CYCLES PER REPEAT,0019yyA6,K,SIEMENS MED NM
REPEAT START TIME,0019yyA7,K,SIEMENS MED NM
REPEAT STOP TIME,0019yyA8,K,SIEMENS MED NM
EFFECTIVE REPEAT TIME,0019yyA9,K,SIEMENS MED NM
ACQUIRED CYCLES PER REPEAT,0019yyAA,K,SIEMENS MED NM
Feed per Rotation,0019yyB0,K,SIEMENS CT VA0 COAD
Pulmo Water,0019yyC0,K,SIEMENS CT VA0 COAD
Pulmo Air,0019yyC1,K,SIEMENS CT VA0 COAD
DTI diffusion directions,0019yyDF,K,GEMS_ACQU_01
DTI diffusion directions,0019yyE0,K,GEMS_ACQU_01
Study Instance UID,0020000D,U3,
Series Instance UID,0020000E,U3,
Study ID,00200010,Z,
Series Number,00200011,K,
Acquisition Number,00200012,K,
Instance Number,00200013,K,
Item Number,00200019,K,
Patient Orientation,00200020,K,
Image Position,00200030,K,
Image Position (Patient),00200032,K,
Image Orientation,00200035,K,
Image Orientation (Patient),00200037,K,
Location,00200050,K,
Frame of Reference UID,00200052,U3,
Laterality,00200060,K,
Image Laterality,00200062,K,
Temporal Position Identifier,00200100,K,
Number of Temporal Positions,00200105,K,
Temporal Resolution,00200110,K,
Synchronization Frame of Reference UID,00200200,U3,
SOP Instance UID of Concatenation Source,00200242,U3,
Images in Acquisition,00201002,K,
Position Reference Indicator,00201040,K,
Slice Location,00201041,K,
Stack ID,00209056,K,
In-Stack Position Number,00209057,K,
Frame Anatomy Sequence,00209071,K,
Frame Laterality,00209072,K,
Frame Content Sequence,00209111,K,
Plane Position Sequence,00209113,K,
Plane Orientation Sequence,00209116,K,
Temporal Position Index,00209128,K,
Nominal Cardiac Trigger Delay Time,00209153,K,
Nominal Cardiac Trigger Time Prior To R-Peak,00209154,K,
Actual Cardiac Trigger Time Prior To R-Peak,00209155,K,
Frame Acquisition Number,00209156,K,
Dimension Index Values,00209157,K,
Concatenation UID,00209161,U3,
In-concatenation Number,00209162,K,
In-concatenation Total Number,00209163,K,
Dimension Organization UID,00209164,U3,
Dimension Index Pointer,00209165,K,
Functional Group Pointer,00209167,K,
Dimension Index Private Creator,00209213,K,
Dimension Organization Sequence,00209221,K,
Dimension Index Sequence,00209222,K,
Concatenation Frame Offset Number,00209228,K,
Functional Group Private Creator,00209238,K,
Nominal Percentage of Cardiac Phase,00209241,K,
Nominal Percentage of Respiratory Phase,00209245,K,
Starting Respiratory Amplitude,00209246,K,
Starting Respiratory Phase,00209247,K,
Ending Respiratory Amplitude,00209248,K,
Ending Respiratory Phase,00209249,K,
Respiratory Trigger Type,00209250,K,
R-R Interval Time Nominal,00209251,K,
Actual Cardiac Trigger Delay Time,00209252,K,
Respiratory Synchronization Sequence,00209253,K,
Respiratory Interval Time,00209254,K,
Nominal Respiratory Trigger Delay Time,00209255,K,
Respiratory Trigger Delay Threshold,00209256,K,
Actual Respiratory Trigger Delay Time,00209257,K,
Image Position (Volume),00209301,K,
Image Orientation (Volume),00209302,K,
Ultrasound Acquisition Geometry,00209307,K,
Apex Position,00209308,K,
Volume to Transducer Mapping Matrix,00209309,K,
Volume to Table Mapping Matrix,0020930A,K,
Volume to Transducer Relationship,0020930B,K,
Patient Frame of Reference Source,0020930C,K,
Temporal Position Time Offset,0020930D,K,
Plane Position (Volume) Sequence,0020930E,K,
Plane Orientation (Volume) Sequence,0020930F,K,
Temporal Position Sequence,00209310,K,
Dimension Organization Type,00209311,K,
Volume Frame of Reference UID,00209312,U3,
Table Frame of Reference UID,00209313,U3,
Patient Orientation in Frame Sequence,00209450,K,
Frame Label,00209453,K,
Acquisition Index,00209518,K,
Contributing SOP Instances Reference Sequence,00209529,K,
Reconstruction Index,00209536,K,
Acquisition Type,0021yy00,K,SIEMENS SMS-AX  ACQ 1.0
Acquisition Mode,0021yy01,K,SIEMENS SMS-AX  ACQ 1.0
Number Of Images In Mosaic,0021yy01,K,SIEMENS MR SDI 02 
Footswitch Index,0021yy02,K,SIEMENS SMS-AX  ACQ 1.0
Slice Measurement Duration,0021yy03,K,SIEMENS MR SDI 02
Acquisition Room,0021yy03,K,SIEMENS SMS-AX  ACQ 1.0
Time After Start,0021yy04,K,SIEMENS MR SDI 02
Current Time Product,0021yy04,K,SIEMENS SMS-AX  ACQ 1.0
B_value,0021yy05,K,SIEMENS MR SDI 02
Dose,0021yy05,K,SIEMENS SMS-AX  ACQ 1.0
Skin Dose Accumulation,0021yy07,K,SIEMENS SMS-AX  ACQ 1.0
Skin Dose Rate,0021yy08,K,SIEMENS SMS-AX  ACQ 1.0
Xray Quadruples,0021yy0F,K,SIEMENS SMS-AX  ACQ 1.0
Copper Filter,0021yy0a,K,SIEMENS SMS-AX  ACQ 1.0
Measuring Field,0021yy0b,K,SIEMENS SMS-AX  ACQ 1.0
Modality LUT Input Gamma,0021yy10,K,SIEMENS SMS-AX  ACQ 1.0
Modality LUT Output Gamma,0021yy11,K,SIEMENS SMS-AX  ACQ 1.0
Dyna Angulation Step,0021yy14,K,SIEMENS SMS-AX  ACQ 1.0
DDO Value,0021yy15,K,SIEMENS SMS-AX  ACQ 1.0
DR Single Flag,0021yy16,K,SIEMENS SMS-AX  ACQ 1.0
Source to Isocenter,0021yy17,K,SIEMENS SMS-AX  ACQ 1.0
ECG Index Array,0021yy19,K,SIEMENS SMS-AX  ACQ 1.0
SH_ZOOM,0021yy1B,K,SIEMENS SMS-AX  ACQ 1.0
SH_COLPAR,0021yy1C,K,SIEMENS SMS-AX  ACQ 1.0
K-Factor,0021yy1D,K,SIEMENS SMS-AX  ACQ 1.0
Total Scene Time,0021yy1F,K,SIEMENS SMS-AX  ACQ 1.0
EVE,0021yy1e,K,SIEMENS SMS-AX  ACQ 1.0
Diffusion Directionality,0021yy21,K,SIEMENS MR SDI 02
Stand Movement Flag,0021yy21,K,SIEMENS SMS-AX  ACQ 1.0
FD Rows,0021yy22,K,SIEMENS SMS-AX  ACQ 1.0
FD Columns,0021yy23,K,SIEMENS SMS-AX  ACQ 1.0
B_matrix,0021yy23,K,SIEMENS MR SDI 02
Table Movement Flag,0021yy24,K,SIEMENS SMS-AX  ACQ 1.0
Gamma LUT Sequence,0021yy28,K,SIEMENS SMS-AX  ACQ 1.0
Scene Time in s,0021yy29,K,SIEMENS SMS-AX  ACQ 1.0
Source Image Distance,0021yy31,K,SIEMENS SMS-AX  ACQ 1.0
Original Pixel Spacing,0021yy32,K,SIEMENS SMS-AX  ACQ 1.0
Global Gain,0021yy43,K,SIEMENS SMS-AX  ACQ 1.0
Global Offset,0021yy44,K,SIEMENS SMS-AX  ACQ 1.0
Dipp Mode,0021yy45,K,SIEMENS SMS-AX  ACQ 1.0
Artis System Type,0021yy46,K,SIEMENS SMS-AX  ACQ 1.0
DiffusionGradientDirection,0021yy46,K,SIEMENS MR SDI 02
Artis Table Type,0021yy47,K,SIEMENS SMS-AX  ACQ 1.0
Artis Table Top Type,0021yy48,K,SIEMENS SMS-AX  ACQ 1.0
DICOM Acquisition Contrast,0021yy49,K,SIEMENS MR SDS 01
CNR Flag,0021yy4A,K,SIEMENS SMS-AX  ACQ 1.0
CNR / Dose Requested,0021yy4B,K,SIEMENS SMS-AX  ACQ 1.0
CNR / Dose Achieved,0021yy4C,K,SIEMENS SMS-AX  ACQ 1.0
X-ray Tube Type,0021yy50,K,SIEMENS SMS-AX  ACQ 1.0
3D Positioner Primary Start Angle,0021yy51,K,SIEMENS SMS-AX  ACQ 1.0
3D Positioner Secondary Start Angle,0021yy52,K,SIEMENS SMS-AX  ACQ 1.0
Stand Position,0021yy53,K,SIEMENS SMS-AX  ACQ 1.0
Rotation Angle,0021yy54,K,SIEMENS SMS-AX  ACQ 1.0
Image Rotation,0021yy55,K,SIEMENS SMS-AX  ACQ 1.0
Table Coordinates,0021yy56,K,SIEMENS SMS-AX  ACQ 1.0
PAT Mode Text,0021yy56,K,SIEMENS MR SDI 02
Isocenter Table Position,0021yy57,K,SIEMENS SMS-AX  ACQ 1.0
Table Object Distance,0021yy58,K,SIEMENS SMS-AX  ACQ 1.0
Acquisition Matrix Text,0021yy58,K,SIEMENS MR SDI 02
C-Arm Coordinate System,0021yy59,K,SIEMENS SMS-AX  ACQ 1.0
Diffusion direction,0021yy5A,K,GEMS_RELA_01
Scanning Sequence,0021yy5A,K,SIEMENS MR SDS 01
Sequence Variant,0021yy5B,K,SIEMENS MR SDS 01
Measurement Options,0021yy5C,K,SIEMENS MR SDS 01
Scan Region Position Iso,0021yy5D,K,SIEMENS MR SDS 01
Field Of View Text,0021yy5E,K,SIEMENS MR SDS 01
3D Start Position ID,0021yy5F,K,SIEMENS SMS-AX  ACQ 1.0
Robot Axes,0021yy5a,K,SIEMENS SMS-AX  ACQ 1.0
Table Coordinate System,0021yy5b,K,SIEMENS SMS-AX  ACQ 1.0
Patient Coordinate System,0021yy5c,K,SIEMENS SMS-AX  ACQ 1.0
Angulation,0021yy5d,K,SIEMENS SMS-AX  ACQ 1.0
Orbital,0021yy5e,K,SIEMENS SMS-AX  ACQ 1.0
3D Rotation Time,0021yy60,K,SIEMENS SMS-AX  ACQ 1.0
Large Volume Overlap,0021yy61,K,SIEMENS SMS-AX  ACQ 1.0
Reconstruction Preset,0021yy62,K,SIEMENS SMS-AX  ACQ 1.0
3D Start Angle,0021yy63,K,SIEMENS SMS-AX  ACQ 1.0
3D Planned Angle,0021yy64,K,SIEMENS SMS-AX  ACQ 1.0
3D Rotation Plane Alpha,0021yy65,K,SIEMENS SMS-AX  ACQ 1.0
3D Rotation Plane Beta,0021yy66,K,SIEMENS SMS-AX  ACQ 1.0
3D First Image Angle,0021yy67,K,SIEMENS SMS-AX  ACQ 1.0
3D Trigger Angle,0021yy68,K,SIEMENS SMS-AX  ACQ 1.0
Amplitude,0021yy69,K,SIEMENS SMS-AX  ACQ 1.0
Detector Rotation,0021yy71,K,SIEMENS SMS-AX  ACQ 1.0
Physical Detector Rotation,0021yy72,K,SIEMENS SMS-AX  ACQ 1.0
ImageType4MF,0021yy75,K,SIEMENS MR SDI 02
Distortion Correction Type,0021yy79,K,SIEMENS MR SDI 02
Table Head Tilt,0021yy81,K,SIEMENS SMS-AX  ACQ 1.0
Table Rotation,0021yy82,K,SIEMENS SMS-AX  ACQ 1.0
Table Cradle Tilt,0021yy83,K,SIEMENS SMS-AX  ACQ 1.0
Orientation Stand Table,0021yy85,K,SIEMENS SMS-AX  ACQ 1.0
Image Rotation DIPP,0021yy86,K,SIEMENS SMS-AX  ACQ 1.0
Slice Position Text,0021yy8B,K,SIEMENS MR SDI 02
Automatic Gain Correction (AGC),0021yyF1,K,SIEMENS SMS-AX  ACQ 1.0
Series Data Sequence,0021yyFE,K,SIEMENS MR SDS 01
Image Data Sequence,0021yyFE,K,SIEMENS MR SDI 02
Derivation Algorithm Sequence,00221612,K,
Calibration TOD Value,0023yy08,K,SIEMENS SMS-AX  QUANT 1.0
View Native,0025yy00,K,SIEMENS SMS-AX  ORIGINAL IMAGE INFO 1.0
Win Center,0025yy03,K,SIEMENS SMS-AX  ORIGINAL IMAGE INFO 1.0
Win Width,0025yy04,K,SIEMENS SMS-AX  ORIGINAL IMAGE INFO 1.0
Win Brightness,0025yy05,K,SIEMENS SMS-AX  ORIGINAL IMAGE INFO 1.0
Win Contrast,0025yy06,K,SIEMENS SMS-AX  ORIGINAL IMAGE INFO 1.0
Original Number of Frames,0025yy0a,K,SIEMENS SMS-AX  ORIGINAL IMAGE INFO 1.0
Zoom Flag,0025yy10,K,SIEMENS SMS-AX  ORIGINAL IMAGE INFO 1.0
Flexible Pixel Shift,0025yy11,K,SIEMENS SMS-AX  ORIGINAL IMAGE INFO 1.0
Ready Processing Status,0025yy16,K,SIEMENS SMS-AX  ORIGINAL IMAGE INFO 1.0
Pulse Sequence,0027yy32,K,GEMS_IMAG_01
Samples per Pixel,00280002,K,
Samples per Pixel Used,00280003,K,
Photometric Interpretation,00280004,K,
Planar Configuration,00280006,K,
Number of Frames,00280008,K,
Frame Increment Pointer,00280009,K,
Rows,00280010,K,
Columns,00280011,K,
Ultrasound Color Data Present,00280014,K,
Pixel Spacing,00280030,K,
Zoom Factor,00280031,K,
Zoom Center,00280032,K,
Pixel Aspect Ratio,00280034,K,
Corrected Image,00280051,K,
Bits Allocated,00280100,K,
Bits Stored,00280101,K,
High Bit,00280102,K,
Pixel Representation,00280103,K,
Smallest Image Pixel Value,00280106,K,
Largest Image Pixel Value,00280107,K,
Smallest Pixel Value in Series,00280108,K,
Largest Pixel Value in Series,00280109,K,
Pixel Padding Value,00280120,K,
Pixel Padding Range Limit,00280121,K,
Float Pixel Padding Value,00280122,K,
Double Float Pixel Padding Value,00280123,K,
Float Pixel Padding Range Limit,00280124,K,
Double Float Pixel Padding Range Limit,00280125,K,
Quality Control Image,00280300,K,
Burned In Annotation,00280301,K,
Recognizable Visual Features,00280302,K,
Longitudinal Temporal Information Modified,00280303,K,
Referenced Color Palette Instance UID,00280304,U3,
Pixel Spacing Calibration Type,00280A02,K,
Pixel Intensity Relationship,00281040,K,
Pixel Intensity Relationship Sign,00281041,K,
Window Center,00281050,K,
Window Width,00281051,K,
Rescale Intercept,00281052,K,
Rescale Slope,00281053,K,
Rescale Type,00281054,K,
VOI LUT Function,00281056,K,
Recommended Viewing Mode,00281090,K,
Red Palette Color Lookup Table Descriptor,00281101,K,
Green Palette Color Lookup Table Descriptor,00281102,K,
Blue Palette Color Lookup Table Descriptor,00281103,K,
Alpha Palette Color Lookup Table Descriptor,00281104,K,
Palette Color Lookup Table UID,00281199,U3,
Red Palette Color Lookup Table Data,00281201,K,
Green Palette Color Lookup Table Data,00281202,K,
Blue Palette Color Lookup Table Data,00281203,K,
Alpha Palette Color Lookup Table Data,00281204,K,
Segmented Red Palette Color Lookup Table Data,00281221,K,
Segmented Green Palette Color Lookup Table Data,00281222,K,
Segmented Blue Palette Color Lookup Table Data,00281223,K,
Segmented Alpha Palette Color Lookup Table Data,00281224,K,
Stored Value Color Range Sequence,00281230,K,
Minimum Stored Value Mapped,00281231,K,
Maximum Stored Value Mapped,00281232,K,
Breast Implant Present,00281300,K,
Partial View,00281350,K,
Partial View Code Sequence,00281352,UCS,
Spatial Locations Preserved,0028135A,K,
Data Frame Assignment Sequence,00281401,K,
Data Path Assignment,00281402,K,
Bits Mapped to Color Lookup Table,00281403,K,
Blending LUT 1 Sequence,00281404,K,
Blending LUT 1 Transfer Function,00281405,K,
Blending Weight Constant,00281406,K,
Blending Lookup Table Descriptor,00281407,K,
Blending Lookup Table Data,00281408,K,
Enhanced Palette Color Lookup Table Sequence,0028140B,K,
Blending LUT 2 Sequence,0028140C,K,
Blending LUT 2 Transfer Function,0028140D,K,
Data Path ID,0028140E,K,
RGB LUT Transfer Function,0028140F,K,
Alpha LUT Transfer Function,00281410,K,
ICC Profile,00282000,K,
Color Space,00282002,K,
Lossy Image Compression,00282110,K,
Lossy Image Compression Ratio,00282112,K,
Lossy Image Compression Method,00282114,K,
Modality LUT Sequence,00283000,K,
LUT Descriptor,00283002,K,
LUT Explanation,00283003,K,
Modality LUT Type,00283004,K,
LUT Data,00283006,K,
VOI LUT Sequence,00283010,K,
Softcopy VOI LUT Sequence,00283110,K,
Representative Frame Number,00286010,K,
Frame Numbers of Interest (FOI),00286020,K,
Frame of Interest Type,00286023,K,
R Wave Pointer,00286040,K,
Mask Subtraction Sequence,00286100,K,
Mask Operation,00286101,K,
Applicable Frame Range,00286102,K,
Mask Frame Numbers,00286110,K,
Contrast Frame Averaging,00286112,K,
Mask Sub-pixel Shift,00286114,K,
TID Offset,00286120,K,
White Point Flag,00287021,K,
Data Point Rows,00289001,K,
Data Point Columns,00289002,K,
Signal Domain Columns,00289003,K,
Data Representation,00289108,K,
Pixel Measures Sequence,00289110,K,
Frame VOI LUT Sequence,00289132,K,
Pixel Value Transformation Sequence,00289145,K,
Signal Domain Rows,00289235,K,
Display Filter Percentage,00289411,K,
Frame Pixel Shift Sequence,00289415,K,
Subtraction Item ID,00289416,K,
Pixel Intensity Relationship LUT Sequence,00289422,K,
Frame Pixel Data Properties Sequence,00289443,K,
Geometrical Properties,00289444,K,
Geometric Maximum Distortion,00289445,K,
Image Processing Applied,00289446,K,
Mask Selection Mode,00289454,K,
LUT Function,00289474,K,
Mask Visibility Percentage,00289478,K,
Pixel Shift Sequence,00289501,K,
Region Pixel Shift Sequence,00289502,K,
Vertices of the Region,00289503,K,
Multi-frame Presentation Sequence,00289505,K,
Pixel Shift Frame Range,00289506,K,
LUT Frame Range,00289507,K,
Image to Equipment Mapping Matrix,00289520,K,
Equipment Coordinate System Identification,00289537,K,
CSA Image Header Type,0029yy08,K,SIEMENS CSA HEADER
CSA Data Type,0029yy08,K,SIEMENS CSA NON-IMAGE
CSA Series Header Type,0029yy18,K,SIEMENS CSA HEADER
Requested Procedure Description,00321060,K,
Requested Contrast Agent,00321070,K,
PIXEL SCALE FACTOR,0033yy38,K,SIEMENS MED NM
SPECIALIZED TOMO TYPE,0035yy00,K,SIEMENS MED NM
Repeat ID,0035yy04,K,SIEMENS MED NM
Phase ID,0035yy05,K,SIEMENS MED NM
Total Number of Exposures,00400301,K,
Entrance Dose,00400302,K,
Exposure Dose Sequence,0040030E,K,
Half Value Layer,00400314,K,
Organ Dose,00400316,K,
Measurement Units Code Sequence,004008EA,UCS,
Placer Order Number / Imaging Service Request,00402016,Z,
Filler Order Number / Imaging Service Request,00402017,Z,
Output Information Sequence,00404033,K,
Entrance Dose in mGy,00408302,K,
Entrance Dose Derivation,00408303,K,
Real World Value Mapping Sequence,00409096,K,
Real World Value Last Value Mapped,00409211,K,
Real World Value LUT Data,00409212,K,
Double Float Real World Value Last Value Mapped,00409213,K,
Double Float Real World Value First Value Mapped,00409214,K,
Real World Value First Value Mapped,00409216,K,
Real World Value Intercept,00409224,K,
Real World Value Slope,00409225,K,
Verifying Organization,0040A027,D,
Concept Name Code Sequence,0040A043,K,
UID,0040A124,U3,
Referenced Frame Numbers,0040A136,K,
Concept Code Sequence,0040A168,K,
Purpose of Reference Code Sequence,0040A170,UCS,
WHOLE BODY TOMO POSITION INDEX,0041yy01,K,SIEMENS MED NM
WHOLE BODY TOMO NUMBER OF POSITIONS,0041yy02,K,SIEMENS MED NM
Diffusion b-value,0043yy39,K,GEMS_PARM_01
GE Coil Name,0043yy81,K,GEMS_PARM_01
Palette Color Lookup Table Sequence,00480120,K,
Pixel Origin Interpretation,00480301,K,
Calibration Image,00500004,K,
Meas Duration,0051yy0A,K,SIEMENS MR HEADER
Acquisition Matrix,0051yy0B,K,SIEMENS MR HEADER
Field Of View,0051yy0C,K,SIEMENS MR HEADER
Slice Position,0051yy0D,K,SIEMENS MR HEADER
Rel Table Position,0051yy12,K,SIEMENS MR HEADER
Positive PCS Directions,0051yy13,K,SIEMENS MR HEADER
Contrast/Bolus Ingredient Percent by Volume,00520001,K,
Energy Window Vector,00540010,K,
Number of Energy Windows,00540011,K,
Energy Window Information Sequence,00540012,K,
Energy Window Range Sequence,00540013,K,
Energy Window Lower Limit,00540014,K,
Energy Window Upper Limit,00540015,K,
Radiopharmaceutical Information Sequence,00540016,K,
Residual Syringe Counts,00540017,K,
Energy Window Name,00540018,Z,
Detector Vector,00540020,K,
Number of Detectors,00540021,K,
Detector Information Sequence,00540022,K,
Phase Vector,00540030,K,
Number of Phases,00540031,K,
Phase Information Sequence,00540032,K,
Number of Frames in Phase,00540033,K,
Phase Delay,00540036,K,
Pause Between Frames,00540038,K,
Phase Description,00540039,K,
Rotation Vector,00540050,K,
Number of Rotations,00540051,K,
Rotation Information Sequence,00540052,K,
Number of Frames in Rotation,00540053,K,
R-R Interval Vector,00540060,K,
Number of R-R Intervals,00540061,K,
Gated Information Sequence,00540062,K,
Data Information Sequence,00540063,K,
Time Slot Vector,00540070,K,
Number of Time Slots,00540071,K,
Time Slot Information Sequence,00540072,K,
Time Slot Time,00540073,K,
Slice Vector,00540080,K,
Number of Slices,00540081,K,
Angular View Vector,00540090,K,
Time Slice Vector,00540100,K,
Number of Time Slices,00540101,K,
Start Angle,00540200,K,
Type of Detector Motion,00540202,K,
Trigger Vector,00540210,K,
Number of Triggers in Phase,00540211,K,
View Code Sequence,00540220,UCS,
View Modifier Code Sequence,00540222,UCS,
Radionuclide Code Sequence,00540300,UCS,
Administration Route Code Sequence,00540302,UCS,
Radiopharmaceutical Code Sequence,00540304,UCS,
Calibration Data Sequence,00540306,K,
Energy Window Number,00540308,K,
Patient Orientation Code Sequence,00540410,UCS,
Patient Orientation Modifier Code Sequence,00540412,UCS,
Patient Gantry Relationship Code Sequence,00540414,UCS,
Slice Progression Direction,00540500,K,
Scan Progression Direction,00540501,K,
Series Type,00541000,K,
Units,00541001,K,
Counts Source,00541002,K,
Reprojection Method,00541004,K,
SUV Type,00541006,K,
Randoms Correction Method,00541100,K,
Attenuation Correction Method,00541101,K,
Decay Correction,00541102,K,
Reconstruction Method,00541103,K,
Scatter Correction Method,00541105,K,
Axial Acceptance,00541200,K,
Axial Mash,00541201,K,
Transverse Mash,00541202,K,
Detector Element Size,00541203,K,
Coincidence Window Width,00541210,K,
Secondary Counts Type,00541220,K,
Frame Reference Time,00541300,K,
Primary (Prompts) Counts Accumulated,00541310,K,
Secondary Counts Accumulated,00541311,K,
Slice Sensitivity Factor,00541320,K,
Decay Factor,00541321,K,
Dose Calibration Factor,00541322,K,
Scatter Fraction Factor,00541323,K,
Dead Time Factor,00541324,K,
Image Index,00541330,K,
NM Pixel Units,0057yy03,K,SIEMENS MED NM
Histogram Sequence,00603000,K,
Histogram Number of Bins,00603002,K,
Histogram First Bin Value,00603004,K,
Histogram Last Bin Value,00603006,K,
Histogram Bin Width,00603008,K,
Histogram Data,00603020,K,
Y Principal Ray Offset Detector 2,0061yy06,K,SIEMENS MED NM
RECON OUTPUT TYPE,0061yy62,K,SIEMENS MED NM
Recon Image Filter,0061yy6B,K,SIEMENS MED NM
Number of Subsets,0061yy6C,K,SIEMENS MED NM
Number of Iterations,0061yy6D,K,SIEMENS MED NM
Recon Iterative Method,0061yy6E,K,SIEMENS MED NM
NM Reconstruction Algorithm,0061yy70,K,SIEMENS MED NM
CT TRANSFORMATION MATRIX,0061yy71,K,SIEMENS MED NM
NM RECON RECON TYPE,0061yy79,K,SIEMENS MED NM
Initial Assay Dose,0061yy7A,K,SIEMENS MED NM
Assay Dose Date Time,0061yy7B,SDL,SIEMENS MED NM
Effective Dose - OBSOLETE,0061yy7C,K,SIEMENS MED NM
RESIDUAL DOSE,0061yy7D,K,SIEMENS MED NM
RESIDUAL DOSE DATE TIME,0061yy7E,SDL,SIEMENS MED NM
QSPECT FLAG,0061yy8D,K,SIEMENS MED NM
Segmentation Type,00620001,K,
Segment Sequence,00620002,K,
Segmented Property Category Code Sequence,00620003,K,
Segment Number,00620004,K,
Segment Label,00620005,D,
Segment Algorithm Type,00620008,K,
Segment Algorithm Name,00620009,D,
Segment Identification Sequence,0062000A,K,
Referenced Segment Number,0062000B,K,
Recommended Display Grayscale Value,0062000C,K,
Recommended Display CIELab Value,0062000D,K,
Segmented Property Type Modifier Code Sequence,00620011,K,
Tracking UID,00620021,U3,
ISOTOPE HALF LIFE,0063yy11,K,SIEMENS MED NM
ORIGINAL DETECTOR INDEX,0065yy01,K,SIEMENS MED NM
SIEMENS PLANAR DATA ORGANIZATION,0065yy02,K,SIEMENS MED NM
Number of Surfaces,00660001,K,
Surface Sequence,00660002,K,
Surface Number,00660003,K,
Surface Processing,00660009,K,
Surface Processing Ratio,0066000A,K,
Recommended Presentation Opacity,0066000C,K,
Recommended Presentation Type,0066000D,K,
Finite Volume,0066000E,K,
Manifold,00660010,K,
Surface Points Sequence,00660011,K,
Surface Points Normals Sequence,00660012,K,
Surface Mesh Primitives Sequence,00660013,K,
Number of Surface Points,00660015,K,
Point Coordinates Data,00660016,K,
Point Position Accuracy,00660017,K,
Average Point Distance,00660018,K,
Maximum Point Distance,00660019,K,
Points Bounding Box Coordinates,0066001A,K,
Axis of Rotation,0066001B,K,
Center of Rotation,0066001C,K,
Number of Vectors,0066001E,K,
Vector Dimensionality,0066001F,K,
Vector Accuracy,00660020,K,
Vector Coordinate Data,00660021,K,
Triangle Strip Sequence,00660026,K,
Triangle Fan Sequence,00660027,K,
Line Sequence,00660028,K,
Surface Count,0066002A,K,
Referenced Surface Sequence,0066002B,K,
Referenced Surface Number,0066002C,K,
Segment Surface Generation Algorithm Identification Sequence,0066002D,K,
Segment Surface Source instance Sequence,0066002E,K,
Facet Sequence,00660034,K,
Surface Processing Algorithm Identification Sequence,00660035,K,
Recommended Point Radius,00660037,K,
Recommended Line Thickness,00660038,K,
Long Primitive Point Index List,00660040,K,
Long Triangle Point Index List,00660041,K,
Long Edge Point Index List,00660042,K,
Long Vertex Point Index List,00660043,K,
SCANNER CONSOLE GENERATION,0067yy02,K,SIEMENS MED MI
Graphic Annotation Sequence,00700001,K,
Graphic Layer,00700002,K,
Bounding Box Annotation Units,00700003,K,
Anchor Point Annotation Units,00700004,K,
Graphic Annotation Units,00700005,K,
Graphic Object Sequence,00700009,K,
Bounding Box Top Left Hand Corner,00700010,K,
Bounding Box Bottom Right Hand Corner,00700011,K,
Bounding Box Text Horizontal Justification,00700012,K,
Anchor Point,00700014,K,
Anchor Point Visibility,00700015,K,
Graphic Dimensions,00700020,K,
Number of Graphic Points,00700021,K,
Graphic Data,00700022,K,
Graphic Type,00700023,K,
Graphic Filled,00700024,K,
Image Horizontal Flip,00700041,K,
Image Rotation,00700042,K,
Displayed Area Top Left Hand Corner,00700052,K,
Displayed Area Bottom Right Hand Corner,00700053,K,
Displayed Area Selection Sequence,0070005A,K,
Graphic Layer Sequence,00700060,K,
Graphic Layer Order,00700062,K,
Graphic Layer Recommended Display Grayscale Value,00700066,K,
Graphic Layer Recommended Display RGB Value,00700067,K,
Presentation Creation Date,00700082,SDL,
Presentation Creation Time,00700083,K,
Presentation Size Mode,00700100,K,
Presentation Pixel Spacing,00700101,K,
Presentation Pixel Aspect Ratio,00700102,K,
Presentation Pixel Magnification Ratio,00700103,K,
Graphic Group Label,00700207,K,
Compound Graphic Sequence,00700209,K,
Compound Graphic Instance ID,00700226,K,
Font Name,00700227,K,
Font Name Type,00700228,K,
CSS Font Name,00700229,K,
Rotation Angle,00700230,K,
Text Style Sequence,00700231,K,
Line Style Sequence,00700232,K,
Fill Style Sequence,00700233,K,
Graphic Group Sequence,00700234,K,
Text Color CIELab Value,00700241,K,
Horizontal Alignment,00700242,K,
Vertical Alignment,00700243,K,
Shadow Style,00700244,K,
Shadow Offset X,00700245,K,
Shadow Offset Y,00700246,K,
Shadow Color CIELab Value,00700247,K,
Underlined,00700248,K,
Bold,00700249,K,
Italic,00700250,K,
Pattern On Color CIELab Value,00700251,K,
Pattern Off Color CIELab Value,00700252,K,
Line Thickness,00700253,K,
Line Dashing Style,00700254,K,
Line Pattern,00700255,K,
Fill Pattern,00700256,K,
Fill Mode,00700257,K,
Shadow Opacity,00700258,K,
Gap Length,00700261,K,
Diameter of Visibility,00700262,K,
Rotation Point,00700273,K,
Tick Alignment,00700274,K,
Show Tick Label,00700278,K,
Tick Label Alignment,00700279,K,
Compound Graphic Units,00700282,K,
Pattern On Opacity,00700284,K,
Pattern Off Opacity,00700285,K,
Major Ticks Sequence,00700287,K,
Tick Position,00700288,K,
Tick Label,00700289,K,
Compound Graphic Type,00700294,K,
Graphic Group ID,00700295,K,
Registration Sequence,00700308,K,
Matrix Registration Sequence,00700309,K,
Matrix Sequence,0070030A,K,
Frame of Reference Transformation Matrix Type,0070030C,K,
Registration Type Code Sequence,0070030D,UCS,
Fiducial UID,0070031A,U3,
Referenced Fiducial UID,0070031B,U3,
Graphic Layer Recommended Display CIELab Value,00700401,K,
Blending Sequence,00700402,K,
Relative Opacity,00700403,K,
Referenced Spatial Registration Sequence,00700404,K,
Blending Position,00700405,K,
Presentation Display Collection UID,00701101,U3,
Presentation Sequence Collection UID,00701102,U3,
Presentation Input Type,00701202,K,
Registration Matrix UID,0071yy21,K,SIEMENS MED PT
DECAY CORRECTION DATETIME,0071yy22,SDL,SIEMENS MED PT
REGISTRATION MATRIX,0071yy23,K,SIEMENS MED PT
Performed Processing Parameters Sequence,00741212,K,
Constraint Type,00820032,K,
Constraint Value Sequence,00820034,K,
Recommended Default Value Sequence,00820035,K,
Constraint Violation Significance,00820036,K,
Modifiable Constraint Flag,00820038,K,
Diffusion B-Factor,2001yy03,K,Philips Imaging DD 001
Diffusion Direction,2001yy04,K,Philips Imaging DD 001
Scale Intercept,2005yy0D,K,Philips MR Imaging DD 001
Scale Slope,2005yy0E,K,Philips MR Imaging DD 001
Diffusion Direction RL,2005yyB0,K,Philips MR Imaging DD 001
Diffusion Direction AP,2005yyB1,K,Philips MR Imaging DD 001
Diffusion Direction FH,2005yyB2,K,Philips MR Imaging DD 001
Presentation LUT Sequence,20500010,K,
Presentation LUT Shape,20500020,K,
Allow Lossy Compression,2200000F,K,
RT Image Label,30020002,D,
Reported Values Origin,3002000A,K,
RT Image Plane,3002000C,K,
X-Ray Image Receptor Translation,3002000D,K,
X-Ray Image Receptor Angle,3002000E,K,
RT Image Orientation,30020010,K,
Image Plane Pixel Spacing,30020011,K,
RT Image Position,30020012,K,
Radiation Machine Name,30020020,Z,
Radiation Machine Sad,30020022,K,
RT Image SID,30020026,K,
Source to Reference Object Distance,30020028,K,
Fraction Number,30020029,K,
Exposure Sequence,30020030,K,
Dose Units,30040002,K,
Dose Type,30040004,K,
Dose Summation Type,3004000A,K,
Grid Frame Offset Vector,3004000C,K,
Dose Grid Scaling,3004000E,K,
Dose Value,30040012,K,
Structure Set Date,30060008,Z,
Referenced Frame of Reference Sequence,30060010,K,
RT Referenced Study Sequence,30060012,K,
RT Referenced Series Sequence,30060014,K,
Contour Image Sequence,30060016,K,
Structure Set ROI Sequence,30060020,K,
ROI Number,30060022,K,
Referenced Frame of Reference UID,30060024,U3,
ROI Name,30060026,K,
ROI Display Color,3006002A,K,
ROI Volume,3006002C,K,
RT Related ROI Sequence,30060030,K,
RT ROI Relationship,30060033,K,
ROI Generation Algorithm,30060036,K,
ROI Derivation Algorithm Identification Sequence,30060037,K,
ROI Generation Description,30060038,K,
ROI Contour Sequence,30060039,K,
Contour Sequence,30060040,K,
Contour Geometric Type,30060042,K,
Contour Slab Thickness,30060044,K,
Contour Offset Vector,30060045,K,
Number of Contour Points,30060046,K,
Contour Number,30060048,K,
Attached Contours,30060049,K,
Contour Data,30060050,K,
RT ROI Observations Sequence,30060080,K,
Observation Number,30060082,K,
Referenced ROI Number,30060084,K,
ROI Observation Label,30060085,K,
RT ROI Identification Code Sequence,30060086,K,
Related RT ROI Observations Sequence,300600A0,K,
RT ROI Interpreted Type,300600A4,K,
ROI Interpreter,300600A6,Z,
ROI Physical Properties Sequence,300600B0,K,
ROI Physical Property,300600B2,K,
ROI Physical Property Value,300600B4,K,
ROI Elemental Composition Sequence,300600B6,K,
ROI Elemental Composition Atomic Number,300600B7,K,
ROI Elemental Composition Atomic Mass Fraction,300600B8,K,
Related Frame of Reference UID,300600C2,U3,
Frame of Reference Transformation Matrix,300600C6,K,
RT Plan Label,300A0002,D,
RT Plan Date,300A0006,SDL,
RT Plan Geometry,300A000C,K,
Dose Reference UID,300A0013,U3,
Target Prescription Dose,300A0026,K,
Gantry Angle Tolerance,300A0044,K,
RT Plan Relationship,300A0055,K,
Beam Sequence,300A00B0,K,
Treatment Machine Name,300A00B2,Z,
Primary Dosimeter Unit,300A00B3,K,
Beam Limiting Device Sequence,300A00B6,K,
RT Beam Limiting Device Type,300A00B8,K,
Number of Leaf/Jaw Pairs,300A00BC,K,
Leaf Position Boundaries,300A00BE,K,
Beam Number,300A00C0,K,
Beam Name,300A00C2,D,
Beam Type,300A00C4,K,
Radiation Type,300A00C6,K,
Reference Image Number,300A00C8,K,
Number of Wedges,300A00D0,K,
Number of Compensators,300A00E0,K,
Material ID,300A00E1,Z,
Number of Boli,300A00ED,K,
Number of Blocks,300A00F0,K,
Number of Control Points,300A0110,K,
Control Point Sequence,300A0111,K,
Control Point Index,300A0112,K,
Nominal Beam Energy,300A0114,K,
Beam Limiting Device Position,300A011A,K,
Leaf/Jaw Positions,300A011C,K,
Gantry Angle,300A011E,K,
Gantry Rotation Direction,300A011F,K,
Beam Limiting Device Angle,300A0120,K,
Beam Limiting Device Rotation,300A0121,K,
Patient Support Angle,300A0122,K,
Patient Support Rotation Direction,300A0123,K,
Table Top Eccentric Angle,300A0125,K,
Table Top Eccentric Rotation,300A0126,K,
Table Top Vertical Position,300A0128,K,
Table Top Longitudinal Position,300A0129,K,
Table Top Lateral Position,300A012A,K,
Isocenter Position,300A012C,K,
Cumulative Meterset Weight,300A0134,Z,
Patient Setup Sequence,300A0180,K,
Patient Setup Number,300A0182,K,
Patient Additional Position,300A0184,D,
Setup Device Type,300A01B6,K,
Setup Device Parameter,300A01BC,K,
General Accessory Sequence,300A0420,K,
Referenced RT Plan Sequence,300C0002,K,
Start Cumulative Meterset Weight,300C0008,Z,
End Cumulative Meterset Weight,300C0009,Z,
Referenced Structure Set Sequence,300C0060,K,
Curve Dimensions,50xx0005,K,
Number of Points,50xx0010,K,
Type of Data,50xx0020,K,
Curve Description,50xx0022,K,
Axis Units,50xx0030,K,
Axis Labels,50xx0040,K,
Data Value Representation,50xx0103,K,
Minimum Coordinate Value,50xx0104,K,
Maximum Coordinate Value,50xx0105,K,
Curve Range,50xx0106,K,
Curve Data Descriptor,50xx0110,K,
Coordinate Start Value,50xx0112,K,
Coordinate Step Value,50xx0114,K,
Curve Activation Layer,50xx1001,K,
Curve Data,50xx3000,K,
Shared Functional Groups Sequence,52009229,K,
Per-frame Functional Groups Sequence,52009230,K,
Spectroscopy Data,56000020,K,
Overlay Rows,60xx0010,K,
Overlay Columns,60xx0011,K,
Number of Frames in Overlay,60xx0015,K,
Overlay Type,60xx0040,K,
Overlay Subtype,60xx0045,K,
Overlay Origin,60xx0050,K,
Image Frame Origin,60xx0051,K,
Overlay Bits Allocated,60xx0100,K,
Overlay Bit Position,60xx0102,K,
Overlay Activation Layer,60xx1001,K,
ROI Area,60xx1301,K,
ROI Mean,60xx1302,K,
ROI Standard Deviation,60xx1303,K,
Overlay Data,60xx3000,K,
SUV Factor,7053yy00,K,PHILIPS PET PRIVATE GROUP
Activity Concentration Factor - Multiplying stored pixel values by Rescale Slope then this factor results in MBq/ml.,7053yy09,K,PHILIPS PET PRIVATE GROUP
Float Pixel Data,7FE00008,K,
Double Float Pixel Data,7FE00009,K,
Pixel Data,7FE00010,K,
Minimum pixel value in frame,7FE3yy14,K,SIEMENS MED NM
Maximum pixel value in frame,7FE3yy15,K,SIEMENS MED NM
Number of Rwaves in a frame,7FE3yy29,K,SIEMENS MED NM
